node_id,node_lat,node_lon,node_income_level
0,42.259183,-83.709566,High
1,42.260522,-83.712799,High
2,42.27847,-83.730983,Low
3,42.288118,-83.687063,High
4,42.29051,-83.681121,Middle
5,42.260612,-83.713107,High
6,42.249998,-83.660574,Middle
7,42.263292,-83.71633,High
8,42.2877195,-83.7229375,Low
9,42.311155,-83.712567,High
10,42.278399,-83.747358,Low
11,42.313298,-83.769865,High
12,42.262179,-83.750556,Middle
13,42.305588,-83.780037,High
14,42.291118,-83.771492,Middle
15,42.281476,-83.728744,Low
16,42.260507,-83.614892,High
17,42.242309,-83.61517,Low
18,42.26708,-83.655479,High
19,42.249687,-83.655903,Low
20,42.243094,-83.769831,High
21,42.252098,-83.778012,High
22,42.263542,-83.779636,Low
23,42.232949,-83.678155,Middle
24,42.255903,-83.690761,Middle
25,42.239929,-83.748737,Middle
26,42.286674,-83.843184,Middle
27,42.258304,-83.55408,Middle
28,42.254476,-83.725466,Middle
29,42.261633,-83.740352,Middle
30,42.2481215,-83.680469,Middle
31,42.230098,-83.583317,Middle
32,42.253911,-83.7348025,Middle
33,42.217254,-83.568403,Middle
34,42.308258,-83.713317,Low
35,42.27834745,-83.74706691,Low
36,42.2538,-83.679909,Low
37,42.247207,-83.575582,Low
38,42.23872133,-83.57343133,Low
39,42.243572,-83.616105,Low
40,42.23034275,-83.703415,Low
41,42.300251,-83.693264,Low
42,42.287762,-83.706865,Low
43,42.238872,-83.680166,Low
44,42.277721,-83.73662167,Low
45,42.272617,-83.790319,Middle
46,42.268325,-83.790298,Middle
47,42.288159,-83.833627,Middle
48,42.284846,-83.803712,Middle
49,42.281551,-83.753854,Low
50,42.27307,-83.712823,Middle
51,42.2736,-83.714759,High
52,42.270443,-83.725625,Middle
53,42.265455,-83.719253,High
54,42.264526,-83.733682,Middle
55,42.256182,-83.692016,Middle
56,42.25734,-83.698254,Middle
57,42.28287,-83.769732,Middle
58,42.303886,-83.734934,Middle
59,42.255603,-83.688897,Middle
60,42.245169,-83.689862,Middle
61,42.25597013,-83.69099863,Middle
62,42.279301,-83.746019,Low
63,42.258213,-83.695559,Middle
64,42.253057,-83.673829,Low
65,42.25689113,-83.6955745,Middle
66,42.27985513,-83.72891013,Low
67,42.286422,-83.713979,Middle
68,42.286844,-83.703473,Middle
69,42.247192,-83.636822,Middle
70,42.278077,-83.735228,Low
71,42.268609,-83.758221,Middle
72,42.267996,-83.774476,Low
73,42.28377,-83.726952,Low
74,42.189301,-83.62064,Middle
75,42.231906,-83.57042,Low
76,42.241146,-83.609477,Low
77,42.2857615,-83.7807485,Middle
78,42.288435,-83.7753635,Middle
79,42.289825,-83.78071,Middle
80,42.279982,-83.78041,Middle
81,42.285746,-83.781121,Middle
82,42.284936,-83.780574,Middle
83,42.28708333,-83.78043767,Middle
84,42.279591,-83.74693333,Low
85,42.258271,-83.67556,Low
86,42.285777,-83.780376,Middle
87,42.256594,-83.63367,Low
88,42.282291,-83.76688,Middle
89,42.285858,-83.781987,Middle
90,42.23815,-83.639247,Middle
91,42.245316,-83.640957,Middle
92,42.245619,-83.681552,Middle
93,42.24292733,-83.640387,Middle
94,42.243864,-83.736919,Middle
95,42.244278,-83.7293,Middle
96,42.250944,-83.665561,Low
97,42.243293,-83.719885,Middle
98,42.253915,-83.660967,Low
99,42.230669,-83.679454,Middle
100,42.187217,-83.619952,Middle
101,42.213114,-83.621103,Middle
102,42.264176,-83.66393,Middle
103,42.262145,-83.750574,Middle
104,42.280732,-83.777609,Middle
105,42.245406,-83.682214,Middle
106,42.227047,-83.582145,Middle
107,42.244109,-83.720025,Middle
108,42.256274,-83.695987,Middle
109,42.26458588,-83.664275,Middle
110,42.2787274,-83.74646712,Low
111,42.25353767,-83.66115967,Low
112,42.269504,-83.750115,Low
113,42.24651,-83.700213,Low
114,42.249097,-83.615221,Low
115,42.2853795,-83.726756,Low
116,42.283425,-83.772223,Middle
117,42.282278,-83.767099,Middle
118,42.284334,-83.776548,Middle
119,42.285222,-83.779905,Middle
120,42.288761,-83.765408,Middle
121,42.286093,-83.7688155,Middle
122,42.278855,-83.747345,Low
123,42.283889,-83.752604,Middle
124,42.285279,-83.756459,Middle
125,42.285341,-83.756377,Middle
126,42.283823,-83.752656,Low
127,42.2540705,-83.7794805,Middle
128,42.2793895,-83.746293,Low
129,42.2428595,-83.745659,Middle
130,42.2427,-83.747891,Middle
131,42.243019,-83.743427,Middle
132,42.281204,-83.772715,Middle
133,42.256312,-83.694039,Middle
134,42.30624,-83.707497,Low
135,42.27837141,-83.74703424,Low
136,42.245255,-83.756388,Middle
137,42.245949,-83.755699,Low
138,42.245558,-83.582493,Low
139,42.249883,-83.588094,Low
140,42.272012,-83.749599,Low
141,42.23321,-83.617492,Low
142,42.275316,-83.740666,Low
143,42.185063,-83.73858,Middle
144,42.197628,-83.700921,Middle
145,42.2773,-83.7801,Middle
146,42.289007,-83.750666,Middle
147,42.284921,-83.798843,Middle
148,42.280662,-83.776821,Middle
149,42.27777029,-83.78026714,Middle
150,42.27858643,-83.747063,Low
151,42.277416,-83.780231,Middle
152,42.26828,-83.77613,Low
153,42.255242,-83.622046,Low
154,42.23408,-83.613818,Low
155,42.224241,-83.617678,Middle
156,42.246811,-83.632537,Middle
157,42.223893,-83.617948,Middle
158,42.211829,-83.592308,Middle
159,42.305124,-83.692116,Middle
160,42.306103,-83.688403,Middle
161,42.316969,-83.706634,Middle
162,42.283772,-83.745984,Low
163,42.28781,-83.834225,Middle
164,42.288079,-83.838546,Middle
165,42.27920257,-83.74742143,Low
166,42.231735,-83.73927,Middle
167,42.239036,-83.767547,Middle
168,42.234083,-83.738938,Middle
169,42.2345565,-83.73369,Middle
170,42.211874,-83.7139545,Middle
171,42.246553,-83.680421,Middle
172,42.265379,-83.779082,Low
173,42.234215,-83.739153,Middle
174,42.298012,-83.736822,Middle
175,42.292004,-83.73915,Middle
176,42.29089433,-83.73927067,Middle
177,42.278695,-83.74721933,Low
178,42.306265,-83.735028,Middle
179,42.232094,-83.635919,Low
180,42.291319,-83.722914,Low
181,42.274186,-83.77698,Middle
182,42.280978,-83.776895,Middle
183,42.285275,-83.800759,Middle
184,42.287425,-83.78595,Middle
185,42.29035,-83.794667,Middle
186,42.28352,-83.77336,Middle
187,42.280752,-83.781075,Middle
188,42.2840432,-83.7807826,Middle
189,42.2784902,-83.7473554,Low
190,42.277758,-83.759622,Middle
191,42.275238,-83.771906,Low
192,42.268848,-83.779438,Low
193,42.277052,-83.778739,Middle
194,42.268087,-83.770285,Low
195,42.261796,-83.730846,Middle
196,42.259688,-83.729153,Middle
197,42.255613,-83.56499233,Middle
198,42.25689267,-83.56596067,Middle
199,42.25433367,-83.579815,Middle
200,42.242301,-83.61567,Low
201,42.253857,-83.578461,Middle
202,42.261265,-83.5906,Low
203,42.258336,-83.554147,Middle
204,42.2341595,-83.617537,Low
205,42.230125,-83.706795,Middle
206,42.257032,-83.727133,Middle
207,42.259064,-83.728567,Middle
208,42.257371,-83.727493,Middle
209,42.213561,-83.547495,Low
210,42.274175,-83.742982,Low
211,42.231054,-83.597095,Low
212,42.230656,-83.645316,Middle
213,42.230422,-83.665536,Middle
214,42.230598,-83.649025,Middle
215,42.2324,-83.738884,Middle
216,42.230462,-83.648906,Middle
217,42.254147,-83.554292,Middle
218,42.237568,-83.62532,Middle
219,42.23053,-83.6489655,Middle
220,42.2459545,-83.677349,Middle
221,42.230602,-83.641812,Low
222,42.243769,-83.719713,Low
223,42.240567,-83.6179435,Low
224,42.249742,-83.601469,Middle
225,42.225043,-83.572836,Middle
226,42.215423,-83.56502,Middle
227,42.231803,-83.622321,Low
228,42.254266,-83.750302,Middle
229,42.26044133,-83.740294,Middle
230,42.27121767,-83.740671,Low
231,42.245356,-83.674277,Middle
232,42.244411,-83.730192,Middle
233,42.27352,-83.779429,Middle
234,42.24742375,-83.680289,Middle
235,42.2791775,-83.74780125,Low
236,42.241049,-83.6156435,Low
237,42.243622,-83.618148,Low
238,42.230374,-83.702174,Low
239,42.248468,-83.646952,Middle
240,42.246176,-83.628761,Middle
241,42.247121,-83.6350075,Middle
242,42.25181088,-83.63124088,Middle
243,42.24177875,-83.61600388,Low
244,42.252333,-83.629345,Middle
245,42.254574,-83.623268,Low
246,42.248058,-83.642618,Middle
247,42.25034031,-83.62170469,Low
248,42.245921,-83.609886,Middle
249,42.231303,-83.586777,Middle
250,42.2289485,-83.5828335,Middle
251,42.270133,-83.583151,Middle
252,42.257115,-83.579852,Middle
253,42.268423,-83.586512,Middle
254,42.2793895,-83.7447205,Low
255,42.2675886,-83.5875226,Middle
256,42.2423058,-83.61537,Low
257,42.231932,-83.5657,Low
258,42.233508,-83.619064,Low
259,42.235885,-83.610714,Low
260,42.252558,-83.754601,Middle
261,42.234989,-83.60322,Middle
262,42.208912,-83.616141,Middle
263,42.208974,-83.615958,Middle
264,42.211815,-83.589675,Middle
265,42.237597,-83.607781,Low
266,42.261112,-83.736676,Middle
267,42.25763,-83.710454,Middle
268,42.255018,-83.735197,Middle
269,42.260577,-83.738732,Middle
270,42.307981,-83.734806,Middle
271,42.260762,-83.728343,Middle
272,42.24812,-83.738653,Middle
273,42.248758,-83.740418,Middle
274,42.258537,-83.7368415,Middle
275,42.2534845,-83.7340625,Middle
276,42.252688,-83.7336735,Middle
277,42.259785,-83.737157,Middle
278,42.266415,-83.779745,Low
279,42.25403829,-83.73444471,Middle
280,42.251929,-83.723322,Middle
281,42.269329,-83.73884,Low
282,42.25158,-83.723188,Middle
283,42.229928,-83.713326,Low
284,42.255785,-83.73758914,Middle
285,42.27498671,-83.73908971,Low
286,42.255548,-83.689685,Middle
287,42.2323825,-83.6788205,Middle
288,42.25580267,-83.69113633,Middle
289,42.246554,-83.680613,Middle
290,42.252739,-83.674732,Low
291,42.251268,-83.66718567,Low
292,42.2535125,-83.660962,Low
293,42.245173,-83.624257,Low
294,42.230777,-83.681524,Low
295,42.234588,-83.602986,Low
296,42.245551,-83.628919,Middle
297,42.232434,-83.62436,Low
298,42.242313,-83.7,Middle
299,42.238633,-83.700074,Middle
300,42.224552,-83.582228,Middle
301,42.227938,-83.575972,Low
302,42.296215,-83.73082,Middle
303,42.292921,-83.780807,Middle
304,42.290251,-83.738701,Middle
305,42.291932,-83.738943,Middle
306,42.28038,-83.742083,Low
307,42.2944942,-83.732901,Middle
308,42.2883958,-83.7239858,Low
309,42.257557,-83.699913,Middle
310,42.245023,-83.661259,Middle
311,42.214738,-83.562438,Middle
312,42.24871725,-83.66076025,Middle
313,42.250887,-83.664556,Low
314,42.243672,-83.620191,Low
315,42.230444,-83.625567,Low
316,42.231744,-83.6107275,Low
317,42.245219,-83.696364,Middle
318,42.245254,-83.694107,Middle
319,42.244508,-83.700021,Middle
320,42.235371,-83.595482,Middle
321,42.202931,-83.582843,Low
322,42.306097,-83.707644,Low
323,42.305434,-83.692941,Low
324,42.26546,-83.779585,Low
325,42.302591,-83.702226,Low
326,42.298747,-83.692634,Low
327,42.307599,-83.7002725,Low
328,42.277951,-83.734971,Low
329,42.283167,-83.735961,Low
330,42.281766,-83.760616,Middle
331,42.286433,-83.732902,Low
332,42.283393,-83.735561,Low
333,42.2885135,-83.7351695,Low
334,42.311281,-83.690857,Middle
335,42.287847,-83.733703,Low
336,42.288065,-83.734058,Low
337,42.288962,-83.736281,Low
338,42.289121,-83.736876,Low
339,42.278665,-83.73934,Low
340,42.288723,-83.73578525,Low
341,42.29060175,-83.7217835,Low
342,42.27920329,-83.746846,Low
343,42.261951,-83.71480357,High
344,42.279556,-83.7455,Low
345,42.31424533,-83.70442267,High
346,42.279813,-83.74730933,Low
347,42.30740033,-83.7669325,High
348,42.278997,-83.74550867,Low
349,42.26483333,-83.644435,High
350,42.278372,-83.747016,Low
351,42.244308,-83.7701975,High
352,42.278371,-83.746345,Low
353,42.27853233,-83.74667833,Low
354,42.26183767,-83.7886635,Middle
355,42.2804015,-83.74726725,Low
356,42.28858925,-83.758716,Middle
357,42.279105,-83.747345,Low
358,42.278363,-83.74737,Low
359,42.28957314,-83.75504271,Middle
360,42.2804466,-83.742061,Low
361,42.2821296,-83.699956,Middle
362,42.27902167,-83.747345,Low
363,42.281892,-83.76271333,Middle
364,42.2783715,-83.7466805,Low
365,42.267089,-83.7542585,Middle
366,42.259064,-83.709996,Middle
367,42.25645233,-83.77293567,Middle
368,42.2889745,-83.78116838,Middle
369,42.279741,-83.74794033,Low
370,42.26215775,-83.75056725,Middle
371,42.27837175,-83.74693075,Low
372,42.2412405,-83.72258525,Middle
373,42.2796101,-83.7443597,Low
374,42.2651687,-83.6646659,Middle
375,42.27901382,-83.74727204,Low
376,42.28576107,-83.77543368,Middle
377,42.27925471,-83.74732371,Low
378,42.28451129,-83.754221,Middle
379,42.242728,-83.7533564,Middle
380,42.27907783,-83.7474105,Low
381,42.2771715,-83.78442125,Middle
382,42.2787664,-83.7469416,Low
383,42.3143872,-83.6977342,Middle
384,42.27920525,-83.74832075,Low
385,42.278372,-83.74708933,Low
386,42.23309533,-83.72704567,Middle
387,42.2786754,-83.7466764,Low
388,42.3042152,-83.7353824,Middle
389,42.27939129,-83.74730488,Low
390,42.28503453,-83.78350212,Middle
391,42.278372,-83.747126,Low
392,42.25650275,-83.7268945,Middle
393,42.278224,-83.740711,Low
394,42.25228,-83.73988325,Middle
395,42.2454045,-83.6794285,Middle
396,42.247837,-83.6419795,Middle
397,42.2534355,-83.753479,Middle
398,42.279925,-83.743902,Low
399,42.316321,-83.7297685,Middle
400,42.26839367,-83.755967,Middle
401,42.27831089,-83.746395,Low
402,42.25286511,-83.72938689,Middle
403,42.27890182,-83.74689564,Low
404,42.25381645,-83.69005636,Middle
405,42.27966333,-83.74503067,Low
406,42.29410867,-83.73338467,Middle
407,42.27885467,-83.74702367,Low
408,42.2449475,-83.69545725,Middle
409,42.281304,-83.745536,Low
410,42.235071,-83.583592,Middle
411,42.2790022,-83.74688944,Low
412,42.27874568,-83.74870556,Low
413,42.27559114,-83.77014671,Low
414,42.269726,-83.580237,Low
415,42.2783077,-83.74708813,Low
416,42.2673687,-83.77615213,Low
417,42.263817,-83.763657,Low
418,42.24994891,-83.75162736,Low
419,42.24854922,-83.66864033,Low
420,42.27896076,-83.74706912,Low
421,42.281682,-83.757946,Low
422,42.26804775,-83.76943375,Low
423,42.231803,-83.572924,Low
424,42.27875813,-83.74653813,Low
425,42.231348,-83.6388655,Low
426,42.235382,-83.72013,Low
427,42.230321,-83.698915,Low
428,42.269692,-83.739358,Low
429,42.269961,-83.750217,Low
430,42.28038,-83.745228,Low
431,42.253458,-83.608803,Low
432,42.244974,-83.654162,Low
433,42.25566925,-83.6220965,Low
434,42.2792027,-83.74527933,Low
435,42.28899876,-83.72416606,Low
436,42.279445,-83.747332,Low
437,42.28518061,-83.74481778,Low
438,42.233257,-83.619089,Low
439,42.274331,-83.775567,Low
440,42.247311,-83.719955,Middle
441,42.274726,-83.7737625,Low
442,42.27817,-83.748401,Low
443,42.231172,-83.620282,Low
444,42.249959,-83.592724,Low
445,42.254298,-83.553987,Low
446,42.24023,-83.617555,Low
447,42.272103,-83.775424,Low
448,42.26673833,-83.77648333,Low
449,42.27838967,-83.74702033,Low
450,42.268445,-83.7759715,Low
451,42.266807,-83.777645,Low
452,42.30412,-83.707147,Low
453,42.25311167,-83.67586933,Low
454,42.25143,-83.667998,Low
455,42.2589,-83.677791,Low
456,42.295062,-83.700489,Low
457,42.248311,-83.749471,Low
458,42.24505,-83.665909,Low
459,42.248309,-83.6705205,Low
460,42.258472,-83.622512,Low
461,42.242318,-83.615036,Low
462,42.24231,-83.615426,Low
463,42.242301,-83.615853,Low
464,42.24230345,-83.61560345,Low
465,42.25727245,-83.56278864,Middle
466,42.231075,-83.593534,Middle
467,42.2260635,-83.5756555,Middle
468,42.241703,-83.616123,Low
469,42.246081,-83.605952,Middle
470,42.2299062,-83.584813,Middle
471,42.26905622,-83.58496456,Middle
472,42.21182433,-83.59143033,Middle
473,42.2153782,-83.5641474,Middle
474,42.24488,-83.711573,Middle
475,42.242309,-83.615219,Low
476,42.23501933,-83.587877,Middle
477,42.24239213,-83.61519953,Low
478,42.2424269,-83.6154556,Low
479,42.2422722,-83.6150831,Low
480,42.23191343,-83.56907143,Low
481,42.218101,-83.542403,Low
482,42.247819,-83.581844,Low
483,42.251214,-83.6661785,Low
484,42.242301,-83.61576854,Low
485,42.23073838,-83.57024046,Low
486,42.24199425,-83.6143645,Low
487,42.249751,-83.65600775,Low
488,42.295526,-83.707564,Low
489,42.2602835,-83.585616,Low
490,42.242305,-83.61559375,Low
491,42.2350395,-83.61790075,Low
492,42.23195,-83.574603,Low
493,42.241905,-83.61582167,Low
494,42.256214,-83.62368722,Low
495,42.242317,-83.614816,Low
496,42.2423165,-83.6150665,Low
497,42.28090183,-83.72914917,Low
498,42.25047694,-83.62154796,Low
499,42.2423065,-83.61546158,Low
500,42.235892,-83.60598142,Low
501,42.249792,-83.655152,Low
502,42.281641,-83.754244,Low
503,42.287542,-83.828464,Middle
504,42.281584,-83.751619,Low
505,42.281596,-83.754049,Low
506,42.2801075,-83.7481975,Low
507,42.247509,-83.575093,Low
508,42.2352665,-83.591536,Middle
509,42.24711525,-83.57674125,Low
510,42.241523,-83.600596,Low
511,42.215052,-83.562937,Low
512,42.237269,-83.626275,Middle
513,42.268016,-83.770332,Low
514,42.251026,-83.660901,Low
515,42.264698,-83.657925,High
516,42.251541,-83.667801,Low
517,42.276785,-83.731177,Low
518,42.267475,-83.721698,High
519,42.242401,-83.596556,Low
520,42.2456385,-83.5847795,Low
521,42.237835,-83.579374,Low
522,42.253615,-83.678382,Low
523,42.222852,-83.55542,Low
524,42.213804,-83.544421,Low
525,42.220219,-83.570806,Low
526,42.2148665,-83.5454775,Low
527,42.249996,-83.588417,Low
528,42.24578,-83.622499,Low
529,42.241177,-83.607074,Low
530,42.235762,-83.628876,Low
531,42.237141,-83.625907,Middle
532,42.230239,-83.644063,Low
533,42.253397,-83.580646,Low
534,42.229494,-83.73222,Low
535,42.23256133,-83.67787933,Middle
536,42.234226,-83.719598,Low
537,42.23951,-83.719896,Middle
538,42.230249,-83.707138,Low
539,42.248759,-83.720729,Middle
540,42.295118,-83.703099,Low
541,42.231816,-83.679486,Middle
542,42.29507262,-83.70013375,Low
543,42.30007338,-83.69317075,Low
544,42.295714,-83.707187,Low
545,42.241624,-83.680468,Low
546,42.303754,-83.707355,Low
547,42.238629,-83.720132,Middle
548,42.250075,-83.659427,Low
549,42.284778,-83.7782265,Middle
550,42.295526,-83.737558,Middle
551,42.246628,-83.632311,Middle
552,42.249036,-83.650866,Low
553,42.24991329,-83.65698414,Low
554,42.27872286,-83.746437,Low
555,42.244072,-83.7184075,Low
556,42.2785615,-83.7359085,Low
557,42.294759,-83.708728,Low
558,42.29883,-83.692518,Low
559,42.293992,-83.709892,Low
560,42.300809,-83.704528,Low
561,42.293635,-83.712635,Low
562,42.259698,-83.583478,Low
563,42.260869,-83.587754,Low
564,42.249651,-83.610035,Low
565,42.245124,-83.700858,Low
566,42.245205,-83.647927,Low
567,42.23970975,-83.71988088,Middle
568,42.261853,-83.7308,Middle
569,42.25793433,-83.72776933,Middle
570,42.24543114,-83.67635557,Middle
571,42.237225,-83.7000335,Middle
572,42.234602,-83.579368,Low
573,42.245131,-83.652865,Low
574,42.229985,-83.71572567,Low
575,42.27539675,-83.73691888,Low
576,42.241053,-83.602525,Low
577,42.250932,-83.732554,Middle
578,42.234782,-83.680038,Low
579,42.2348245,-83.680845,Low
580,42.233558,-83.617149,Low
581,42.280666,-83.740911,Low
582,42.229895,-83.718865,Low
583,42.271996,-83.741718,Low
584,42.21184,-83.588663,Low
585,42.203363,-83.570468,Low
586,42.211404,-83.585336,Low
587,42.281162,-83.741598,Low
588,42.281256,-83.741265,Low
589,42.295759,-83.731241,Middle
590,42.282069,-83.740799,Low
591,42.2529512,-83.6757674,Low
592,42.255941,-83.629253,Low
593,42.255314,-83.622253,Low
594,42.2555309,-83.6274575,Low
595,42.256951,-83.622248,Low
596,42.251019,-83.620619,Low
597,42.253146,-83.661176,Low
598,42.274477,-83.748822,Low
599,42.245829,-83.618565,Low
600,42.239675,-83.582917,Low
601,42.27818587,-83.73280492,Low
602,42.2614188,-83.71426952,High
603,42.29071381,-83.72210048,Low
604,42.31232424,-83.70079062,High
605,42.285298,-83.730945,Low
606,42.28130371,-83.73099857,Low
607,42.28091,-83.729653,Low
608,42.2664515,-83.7911105,Middle
609,42.286984,-83.760602,Middle
610,42.2908605,-83.71617638,Low
611,42.261706,-83.737619,Middle
612,42.27888183,-83.73182269,Low
613,42.25883358,-83.71038964,Middle
614,42.27908067,-83.73617967,Low
615,42.28909467,-83.78134133,Middle
616,42.27998,-83.731134,Low
617,42.282861,-83.769979,Middle
618,42.2815628,-83.7316944,Low
619,42.298582,-83.788145,Middle
620,42.2848455,-83.729182,Low
621,42.2769795,-83.73954193,Low
622,42.24182357,-83.72994293,Middle
623,42.2824055,-83.72984164,Low
624,42.28477414,-83.77386929,Middle
625,42.28134,-83.738597,Low
626,42.280728,-83.729939,Low
627,42.259178,-83.716407,Middle
628,42.2752915,-83.73903667,Low
629,42.24119933,-83.74991033,Middle
630,42.2816245,-83.732958,Low
631,42.281041,-83.7846185,Middle
632,42.28451752,-83.73005081,Low
633,42.31176343,-83.6951164,Middle
634,42.2736665,-83.7419635,Low
635,42.28964245,-83.721773,Low
636,42.293765,-83.73827964,Middle
637,42.281489,-83.770213,Middle
638,42.2766095,-83.74323,Low
639,42.27679633,-83.74323933,Low
640,42.25737156,-83.72751433,Middle
641,42.274881,-83.731169,Low
642,42.27632376,-83.73724405,Low
643,42.25050531,-83.74026387,Middle
644,42.283024,-83.7270226,Low
645,42.24735,-83.680964,Middle
646,42.277663,-83.731702,Low
647,42.277614,-83.743255,Low
648,42.316189,-83.732217,Middle
649,42.27462962,-83.74131553,Low
650,42.25517982,-83.73244615,Middle
651,42.28036722,-83.73070767,Low
652,42.25519378,-83.69062778,Middle
653,42.2759435,-83.7432345,Low
654,42.2453685,-83.630821,Middle
655,42.28260093,-83.73169914,Low
656,42.2948652,-83.73243595,Middle
657,42.277365,-83.732788,Low
658,42.27934775,-83.73357731,Low
659,42.2878055,-83.7319815,Low
660,42.245094,-83.693936,Middle
661,42.235263,-83.590507,Middle
662,42.2907935,-83.72188892,Low
663,42.30767192,-83.70923617,Low
664,42.28215708,-83.73138144,Low
665,42.28828654,-83.73462837,Low
666,42.28714918,-83.72455873,Low
667,42.27897902,-83.74588229,Low
668,42.274569,-83.775131,Low
669,42.28103484,-83.73008223,Low
670,42.25311381,-83.67557303,Low
671,42.250339,-83.749501,Low
672,42.27849167,-83.73389921,Low
673,42.25030904,-83.66753223,Low
674,42.27893821,-83.733439,Low
675,42.24220884,-83.61512071,Low
676,42.249782,-83.596608,Low
677,42.27935664,-83.73381514,Low
678,42.275095,-83.740744,Low
679,42.27255833,-83.742086,Low
680,42.229992,-83.710783,Low
681,42.2904416,-83.71698686,Low
682,42.29906914,-83.69294435,Low
683,42.2758078,-83.74161633,Low
684,42.26954767,-83.7391924,Low
685,42.279261,-83.7311215,Low
686,42.27803533,-83.73589022,Low
687,42.29135267,-83.71432667,Low
688,42.274931,-83.735567,Low
689,42.2449545,-83.655762,Low
690,42.28278,-83.729231,Low
691,42.2349795,-83.680909,Low
692,42.282276,-83.733364,Low
693,42.280782,-83.731537,Low
694,42.2567725,-83.627959,Low
695,42.28392532,-83.72845779,Low
696,42.29070945,-83.72252533,Low
697,42.2972244,-83.7161304,Low
698,42.2849052,-83.7446914,Low
699,42.283234,-83.743605,Low
700,42.316328,-83.707686,High
701,42.2838155,-83.7435735,Low
702,42.283318,-83.74749,Low
703,42.283361,-83.75006,Low
704,42.282389,-83.743661,Low
705,42.306774,-83.734832,Middle
706,42.283192,-83.747281,Low
707,42.281544,-83.743717,Low
708,42.303726,-83.697303,Low
709,42.2676315,-83.7795915,Low
710,42.30078267,-83.714292,Low
711,42.2871665,-83.743356,Low
712,42.246155,-83.627633,Low
713,42.258399,-83.703548,High
714,42.246005,-83.6255794,Low
715,42.25179863,-83.63100413,Middle
716,42.25286,-83.674613,Low
717,42.27949533,-83.734537,Low
718,42.25065333,-83.62012767,Low
719,42.250987,-83.62038767,Low
720,42.239352,-83.601396,Low
721,42.234818,-83.582471,Middle
722,42.241045,-83.603196,Low
723,42.241199,-83.604208,Low
724,42.233049,-83.619413,Low
131000,42.242317,-83.614816,Low
145000,42.278363,-83.74737,Low
226000,42.30254,-83.710006,Low
1153000,42.283393,-83.735561,Low
761000,42.280933,-83.78021,Middle
1145000,42.245954,-83.754272,Low
838000,42.261706,-83.737619,Middle
460000,42.244537,-83.700155,Middle
1327000,42.257475,-83.661287,Low
2023000,42.253397,-83.580646,Low
