trip_id,start_area,end_area,counts,area_income,start_area_point,end_area_point
1,2,6,1,High,0,1
2,2,468,3,Low,0,2
3,5,43,2,Middle,3,4
4,6,323,1,Middle,5,6
5,6,468,2,Low,7,8
6,14,352,1,Low,9,10
7,15,81,1,Middle,11,12
8,15,105,1,Middle,13,14
9,15,468,1,Low,13,15
10,19,363,1,Low,16,17
11,19,421,1,Low,18,19
12,20,352,1,Low,20,10
13,20,356,1,Low,21,22
14,23,37,2,Middle,23,24
15,23,111,3,Middle,23,25
16,23,162,1,Middle,23,26
17,23,194,1,Middle,23,27
18,23,195,1,Middle,23,28
19,23,234,1,Middle,23,29
20,23,237,2,Middle,23,30
21,23,241,1,Middle,23,31
22,23,293,2,Middle,23,32
23,23,299,1,Middle,23,33
24,23,342,1,Low,23,34
25,23,352,11,Low,23,35
26,23,359,1,Low,23,36
27,23,363,1,Low,23,17
28,23,384,1,Low,23,37
29,23,402,3,Low,23,38
30,23,404,1,Low,23,39
31,23,407,8,Low,23,40
32,23,415,1,Low,23,41
33,23,433,1,Low,23,42
34,23,444,1,Low,23,43
35,23,468,6,Low,23,44
37,35,162,1,Middle,47,26
38,35,379,1,Low,48,49
39,36,2,11,High,50,51
40,36,6,1,High,52,53
41,36,352,1,Low,54,10
42,37,6,3,High,55,1
43,37,62,1,Middle,56,57
44,37,186,1,Middle,56,58
45,37,294,1,Middle,59,60
46,37,352,8,Low,61,62
47,37,359,1,Low,63,64
48,37,468,8,Low,65,66
49,43,23,1,Middle,67,23
50,43,238,1,Middle,68,69
51,43,352,1,Low,67,10
52,43,468,1,Low,4,70
53,45,356,1,Low,71,72
54,45,468,2,Low,71,73
55,54,365,1,Low,74,75
56,54,471,1,Low,74,76
57,60,105,2,Middle,77,78
58,60,141,1,Middle,79,80
59,60,191,1,Middle,81,82
60,60,352,3,Low,83,84
61,60,359,1,Low,81,85
62,60,462,1,Low,86,87
63,62,60,1,Middle,88,89
64,82,23,1,Middle,90,23
65,82,237,1,Middle,91,92
66,82,352,3,Low,93,10
67,83,19,1,High,94,18
68,83,352,2,Low,94,10
69,83,361,1,Low,95,96
70,83,363,1,Low,97,17
71,83,463,1,Low,94,98
72,84,363,1,Low,99,17
73,87,142,1,Middle,100,101
74,87,363,1,Low,100,17
75,102,37,1,Middle,102,59
76,102,54,1,Middle,102,74
77,102,81,1,Middle,102,103
78,102,111,1,Middle,102,25
79,102,191,1,Middle,102,104
80,102,237,1,Middle,102,105
81,102,241,1,Middle,102,106
82,102,293,1,Middle,102,107
83,102,294,1,Middle,102,108
84,102,299,1,Middle,102,33
85,102,352,25,Low,109,110
86,102,401,3,Low,102,111
87,102,404,1,Low,102,39
88,102,437,1,Low,102,112
89,102,441,1,Low,102,113
90,102,464,1,Low,102,114
91,102,468,2,Low,102,115
92,105,62,1,Middle,116,117
93,105,102,1,Middle,118,102
95,105,162,1,Middle,120,26
96,105,352,2,Low,121,122
97,108,60,1,Middle,123,79
99,108,352,1,Low,124,122
100,108,379,1,Low,124,126
101,110,352,2,Low,127,128
102,111,19,2,High,129,18
103,111,23,2,Middle,25,23
104,111,62,1,Middle,25,117
105,111,81,1,Middle,25,103
107,111,191,1,Middle,25,132
108,111,294,1,Middle,131,133
109,111,342,1,Low,131,134
110,111,352,17,Low,25,135
111,111,360,1,Low,136,137
112,111,363,2,Low,25,17
113,111,384,1,Low,25,138
114,111,402,1,Low,25,139
115,111,437,2,Low,25,140
116,111,445,1,Low,25,141
117,111,468,1,Low,25,142
119,141,42,1,Middle,145,146
120,141,191,1,Middle,147,148
121,141,352,7,Low,149,150
122,141,356,3,Low,151,152
123,141,462,1,Low,145,153
124,141,471,1,Low,145,154
125,142,238,1,Middle,155,156
126,142,271,1,Middle,157,158
127,142,363,8,Low,101,17
129,160,352,1,Low,161,10
130,160,469,1,Low,159,162
131,162,35,1,Middle,26,163
133,162,352,7,Low,26,165
134,162,379,1,Low,26,49
135,163,23,1,Middle,166,23
136,163,45,1,Middle,167,71
137,163,111,2,Middle,168,25
139,163,237,1,Middle,166,171
140,163,352,1,Low,167,10
141,163,356,1,Low,167,172
142,163,363,1,Low,173,17
144,186,352,9,Low,176,177
145,186,405,1,Low,178,179
146,186,468,2,Low,176,180
147,186,469,1,Low,178,162
148,191,29,1,Middle,181,45
149,191,35,2,Middle,182,183
150,191,60,1,Middle,184,89
151,191,105,1,Middle,185,186
152,191,141,1,Middle,82,80
153,191,162,4,Middle,187,26
155,191,352,5,Low,188,189
156,191,353,1,Low,190,191
157,191,356,1,Low,82,192
158,191,400,1,Low,193,194
159,193,195,1,Middle,195,196
160,193,271,1,Middle,195,158
161,194,23,1,Middle,27,23
163,194,363,3,Low,199,200
164,194,402,1,Low,27,139
165,194,460,1,Low,201,202
166,194,471,2,Low,203,204
167,195,163,1,Middle,196,205
169,195,363,11,Low,208,17
170,195,402,1,Low,208,209
171,195,468,1,Low,206,210
172,195,471,1,Low,208,211
173,197,84,1,Middle,212,213
174,197,163,1,Middle,214,215
175,197,194,1,Middle,216,217
176,197,196,1,Middle,216,218
177,197,237,2,Middle,219,220
178,197,352,5,Low,219,10
179,197,363,5,Low,216,17
180,197,405,1,Low,216,221
181,197,423,1,Low,216,222
182,197,445,2,Low,216,223
183,197,468,2,Low,214,142
184,219,363,1,Low,224,200
185,221,299,1,Middle,225,226
186,221,402,1,Low,225,209
187,221,471,2,Low,225,227
188,234,81,2,Middle,228,103
189,234,468,3,Low,229,230
190,237,35,1,Middle,92,183
191,237,83,1,Middle,231,232
192,237,141,1,Middle,92,233
193,237,352,4,Low,234,235
194,237,363,2,Low,105,236
195,237,404,2,Low,105,237
196,237,407,1,Low,92,238
197,237,468,1,Low,231,73
198,238,81,1,Middle,156,103
199,238,87,1,Middle,239,100
200,238,295,1,Middle,69,240
201,238,352,2,Low,241,10
202,238,363,16,Low,242,243
203,238,462,1,Low,244,245
204,238,468,1,Low,246,2
205,238,469,1,Low,246,162
206,238,470,13,Low,244,247
207,239,363,1,Low,248,200
208,241,352,1,Low,249,10
209,241,363,2,Low,250,17
210,262,194,1,Middle,251,252
211,262,241,1,Middle,253,106
213,262,352,2,Low,251,254
214,262,363,5,Low,255,256
215,262,365,1,Low,251,257
216,262,423,1,Low,251,222
217,262,445,1,Low,251,258
218,262,471,1,Low,251,259
219,267,111,1,Middle,260,136
220,268,352,1,Low,261,10
221,271,241,1,Middle,262,31
223,271,363,2,Low,262,17
224,271,384,1,Low,262,138
225,271,471,2,Low,262,265
226,293,47,1,Middle,266,267
227,293,111,1,Middle,268,25
228,293,186,1,Middle,269,270
229,293,193,1,Middle,266,271
230,293,234,1,Middle,272,273
232,293,352,2,Low,276,10
233,293,356,1,Low,277,278
234,293,363,7,Low,279,17
235,293,420,1,Low,280,281
236,293,447,1,Low,282,283
237,293,468,7,Low,284,285
238,294,23,4,Middle,286,287
239,294,237,3,Middle,288,289
240,294,323,4,Middle,286,6
241,294,359,1,Low,286,290
242,294,361,3,Low,288,291
243,294,363,9,Low,288,17
244,294,365,1,Low,286,257
245,294,401,2,Low,286,292
246,294,424,2,Low,286,293
247,294,444,1,Low,286,294
248,294,471,1,Low,133,295
249,295,237,1,Middle,296,92
250,295,471,1,Low,240,297
251,296,363,1,Low,298,17
252,296,407,1,Low,299,238
253,298,402,1,Low,300,301
254,317,60,1,Middle,302,303
255,317,186,1,Middle,304,305
256,317,352,1,Low,302,306
257,317,468,5,Low,307,308
258,321,295,1,Middle,309,240
259,321,361,2,Low,309,96
260,321,363,2,Low,309,17
261,323,194,1,Middle,6,201
262,323,195,1,Middle,310,207
263,323,197,1,Middle,6,214
264,323,241,1,Middle,6,31
265,323,299,1,Middle,6,311
266,323,352,1,Low,310,10
267,323,363,4,Low,312,17
268,323,401,1,Low,6,313
269,323,404,1,Low,6,314
270,323,467,1,Low,6,315
271,323,471,2,Low,6,316
272,324,191,1,Middle,317,104
273,324,352,1,Low,318,10
274,324,363,3,Low,319,17
275,325,452,1,Low,320,321
276,342,352,1,Low,322,10
277,342,356,1,Low,323,324
278,342,415,1,Low,325,326
279,342,468,2,Low,327,328
280,350,44,1,Middle,329,330
281,350,60,1,Middle,331,89
282,350,102,1,Middle,332,102
283,350,160,2,Middle,333,334
284,350,186,1,Middle,332,175
285,350,191,2,Middle,329,185
286,350,293,2,Middle,329,282
287,350,317,1,Middle,332,304
288,350,321,1,Middle,335,309
290,350,352,1,Low,338,339
291,350,468,4,Low,340,341
292,352,6,7,High,342,343
293,352,14,3,High,344,345
294,352,15,6,High,346,347
295,352,19,3,High,348,349
296,352,20,2,High,350,351
297,352,23,2,Middle,352,23
298,352,29,6,Middle,353,354
299,352,34,4,Middle,355,356
300,352,35,1,Middle,357,183
301,352,36,1,Middle,358,52
302,352,42,14,Middle,346,359
303,352,43,5,Middle,360,361
304,352,44,3,Middle,362,363
305,352,45,2,Middle,364,365
306,352,47,3,Middle,358,366
307,352,53,3,Middle,352,367
308,352,60,16,Middle,353,368
309,352,62,3,Middle,369,57
310,352,81,8,Middle,364,370
311,352,83,4,Middle,371,372
312,352,102,10,Middle,373,374
313,352,105,28,Middle,375,376
314,352,108,7,Middle,377,378
315,352,111,5,Middle,364,379
316,352,141,12,Middle,380,381
317,352,160,5,Middle,382,383
318,352,162,4,Middle,384,26
319,352,163,3,Middle,385,386
320,352,186,5,Middle,387,388
321,352,191,17,Middle,389,390
322,352,193,2,Middle,391,195
323,352,194,2,Middle,358,217
324,352,195,4,Middle,391,392
325,352,197,1,Middle,352,216
326,352,234,4,Middle,393,394
327,352,237,4,Middle,391,395
328,352,238,4,Middle,358,396
329,352,241,1,Middle,391,106
330,352,267,2,Middle,352,397
331,352,271,1,Middle,391,158
332,352,289,2,Middle,398,399
333,352,292,3,Middle,352,400
334,352,293,9,Middle,401,402
335,352,294,11,Middle,403,404
336,352,295,2,Middle,358,240
337,352,296,1,Middle,391,298
338,352,299,1,Middle,391,33
339,352,317,3,Middle,405,406
340,352,321,5,Middle,358,309
341,352,323,6,Middle,407,312
342,352,324,4,Middle,391,408
343,352,325,1,Middle,409,410
344,352,342,1,Low,358,134
345,352,350,4,Low,405,333
347,352,353,7,Low,122,413
348,352,354,1,Low,358,414
349,352,356,30,Low,415,416
350,352,357,1,Low,350,417
351,352,359,3,Low,358,290
352,352,360,11,Low,350,418
353,352,361,9,Low,407,419
354,352,363,25,Low,420,17
355,352,379,5,Low,353,421
356,352,384,1,Low,358,37
357,352,400,4,Low,352,422
358,352,401,2,Low,350,292
359,352,402,2,Low,342,423
360,352,404,8,Low,424,237
361,352,405,2,Low,352,425
362,352,406,1,Low,391,426
363,352,407,1,Low,352,427
364,352,420,12,Low,391,428
365,352,421,3,Low,358,19
366,352,424,4,Low,342,293
367,352,437,2,Low,364,429
368,352,440,1,Low,430,431
369,352,442,1,Low,391,432
370,352,447,2,Low,391,283
371,352,462,4,Low,357,433
372,352,468,33,Low,434,435
373,352,469,18,Low,436,437
374,352,471,2,Low,358,438
375,353,293,1,Middle,439,440
376,353,352,4,Low,441,442
377,353,420,1,Low,439,428
378,353,471,1,Low,439,443
379,354,194,1,Middle,414,252
380,354,237,1,Middle,414,231
381,354,363,1,Low,414,17
382,354,402,1,Low,414,444
383,354,438,1,Low,414,445
384,354,445,1,Low,414,446
385,356,160,1,Middle,447,159
386,356,191,1,Middle,72,181
387,356,352,3,Low,448,449
389,356,363,1,Low,72,17
390,356,468,1,Low,447,452
391,359,23,1,Middle,64,23
392,359,271,1,Middle,36,263
393,359,352,3,Low,453,10
394,359,361,1,Low,290,454
395,359,363,3,Low,36,17
396,359,415,2,Low,455,456
397,359,471,1,Low,36,154
398,360,294,1,Middle,457,286
399,360,361,1,Low,137,96
400,361,23,1,Middle,458,23
401,361,295,1,Middle,454,240
402,361,352,1,Low,454,10
403,361,363,2,Low,459,17
404,361,404,1,Low,96,314
405,361,424,1,Low,96,293
406,361,462,1,Low,96,460
407,363,2,1,High,461,0
408,363,23,3,Middle,462,23
409,363,37,1,Middle,461,56
410,363,62,1,Middle,461,57
411,363,87,1,Middle,463,100
412,363,142,2,Middle,463,101
413,363,162,1,Middle,461,26
414,363,194,11,Middle,464,465
415,363,197,5,Middle,462,214
416,363,220,1,Middle,463,466
417,363,221,2,Middle,463,467
418,363,238,40,Middle,468,244
419,363,239,1,Middle,200,469
420,363,241,5,Middle,463,470
421,363,262,9,Middle,200,471
422,363,271,6,Middle,463,472
423,363,299,5,Middle,463,473
424,363,321,1,Middle,461,474
425,363,323,1,Middle,475,310
426,363,325,3,Middle,200,476
427,363,352,15,Low,477,110
428,363,354,2,Low,200,414
430,363,365,7,Low,200,480
431,363,371,1,Low,463,481
432,363,384,2,Low,464,482
433,363,401,2,Low,461,483
434,363,402,13,Low,484,485
435,363,421,4,Low,486,487
436,363,433,1,Low,475,488
437,363,439,2,Low,200,489
438,363,445,4,Low,490,491
439,363,448,2,Low,200,492
440,363,462,9,Low,493,494
441,363,467,1,Low,495,315
442,363,468,6,Low,496,497
443,363,469,1,Low,475,162
444,363,470,50,Low,468,498
445,363,471,12,Low,499,500
446,365,363,1,Low,75,17
448,365,384,1,Low,257,138
449,365,421,1,Low,75,501
450,365,471,1,Low,75,76
451,379,35,1,Middle,502,503
452,379,108,11,Middle,504,124
453,379,352,2,Low,505,506
454,379,361,1,Low,421,454
455,384,325,2,Middle,507,508
456,384,363,4,Low,509,17
458,384,462,1,Low,507,460
459,384,471,1,Low,507,510
460,389,196,1,Middle,511,512
461,400,437,1,Low,513,112
462,401,19,1,High,514,515
463,401,37,1,Middle,516,56
464,401,111,1,Middle,516,25
465,401,352,3,Low,516,10
466,401,468,2,Low,483,517
467,402,6,1,High,301,518
468,402,197,1,Middle,519,214
469,402,221,1,Middle,301,225
470,402,299,1,Middle,301,33
471,402,352,2,Low,520,10
472,402,354,1,Low,139,414
473,402,359,1,Low,521,522
474,402,363,4,Low,523,17
475,402,389,1,Low,524,525
477,402,468,1,Low,527,2
478,402,470,1,Low,519,528
479,402,471,2,Low,519,529
480,405,196,1,Middle,530,531
481,405,363,1,Low,530,495
482,405,384,1,Low,532,533
483,405,471,1,Low,532,297
484,406,23,3,Middle,534,535
485,406,83,1,Middle,536,537
486,406,363,1,Low,534,17
487,407,218,1,Middle,538,539
488,407,352,2,Low,538,10
489,415,23,1,Middle,540,541
490,415,294,1,Middle,41,286
491,415,359,1,Low,41,85
493,415,433,3,Low,41,544
494,415,444,1,Low,41,545
495,415,468,1,Low,41,546
496,420,83,1,Middle,428,547
497,420,363,1,Low,428,17
498,421,6,1,High,501,1
499,421,23,1,Middle,548,23
500,421,37,1,Middle,548,59
501,421,105,2,Middle,548,549
502,421,142,1,Middle,19,101
503,421,186,1,Middle,548,550
504,421,238,1,Middle,19,551
505,421,271,1,Middle,552,264
506,421,352,7,Low,553,554
507,421,363,6,Low,19,17
508,421,365,1,Low,19,257
509,421,384,1,Low,19,533
511,421,424,1,Low,19,293
512,421,468,1,Low,548,15
513,421,471,1,Low,19,443
514,423,102,1,Middle,222,102
515,423,352,2,Low,555,10
516,423,468,2,Low,222,556
517,424,363,1,Low,293,17
518,433,415,2,Low,557,558
520,433,468,1,Low,560,561
521,437,352,8,Low,112,10
522,438,37,1,Middle,445,59
523,438,363,2,Low,445,200
524,438,471,1,Low,445,510
525,439,262,1,Middle,562,251
526,439,352,1,Low,562,10
528,440,363,1,Low,564,17
529,441,81,1,Middle,565,103
530,441,468,1,Low,565,15
531,442,83,8,Middle,566,567
532,442,193,3,Middle,566,568
533,442,195,9,Middle,566,569
534,442,218,3,Middle,566,539
535,442,221,2,Middle,566,467
536,442,237,7,Middle,566,570
537,442,293,7,Middle,566,280
538,442,296,2,Middle,566,571
539,442,299,1,Middle,566,33
540,442,325,1,Middle,566,410
541,442,350,1,Low,566,336
542,442,352,30,Low,566,10
543,442,402,2,Low,566,572
544,442,406,5,Low,566,536
545,442,407,1,Low,566,538
546,442,420,7,Low,566,281
547,442,423,5,Low,566,222
549,442,447,3,Low,566,574
550,442,468,16,Low,566,575
551,442,471,1,Low,566,576
552,444,6,1,High,43,1
553,444,293,1,Middle,294,577
554,444,323,1,Middle,578,6
555,444,352,2,Low,579,254
556,444,363,1,Low,294,17
557,445,221,1,Middle,580,225
558,445,352,1,Low,258,581
559,445,405,1,Low,258,532
560,447,234,1,Middle,582,29
561,447,468,1,Low,582,583
562,452,352,1,Low,584,10
563,452,363,2,Low,585,17
564,452,402,1,Low,584,301
566,452,471,1,Low,321,211
567,458,47,1,Middle,587,366
568,458,295,3,Middle,587,240
569,458,317,1,Middle,588,589
570,458,321,2,Middle,587,309
571,458,352,1,Low,590,436
572,458,359,5,Low,587,591
573,458,361,3,Low,587,454
574,458,363,2,Low,587,17
575,458,404,2,Low,587,237
576,458,424,2,Low,587,293
577,460,262,1,Middle,202,251
578,460,363,2,Low,202,200
579,462,238,1,Middle,592,244
580,462,352,1,Low,593,10
581,462,363,10,Low,594,468
582,462,440,1,Low,87,564
584,462,470,1,Low,245,596
585,463,352,1,Low,597,598
586,464,37,2,Middle,599,24
587,464,238,1,Middle,599,246
588,464,352,2,Low,599,554
589,464,421,1,Low,599,501
590,464,468,1,Low,599,15
591,466,352,1,Low,600,10
592,468,6,60,High,601,602
593,468,14,21,High,603,604
594,468,20,1,High,605,20
595,468,23,7,Middle,606,23
596,468,29,2,Middle,607,608
597,468,34,1,Middle,328,609
598,468,37,8,Middle,610,63
599,468,46,1,Middle,15,611
600,468,47,36,Middle,612,613
601,468,60,3,Middle,614,615
602,468,62,1,Middle,616,617
603,468,78,5,Middle,618,619
604,468,81,2,Middle,620,370
605,468,83,14,Middle,621,622
606,468,105,14,Middle,623,624
607,468,108,1,Middle,625,125
608,468,109,2,Middle,626,627
609,468,111,6,Middle,628,629
610,468,141,2,Middle,630,631
611,468,160,42,Middle,632,633
612,468,163,2,Middle,634,205
613,468,186,11,Middle,635,636
614,468,191,1,Middle,616,637
615,468,193,6,Middle,638,195
616,468,195,9,Middle,639,640
617,468,197,2,Middle,641,214
618,468,221,1,Middle,15,225
619,468,234,143,Middle,642,643
620,468,237,5,Middle,644,645
621,468,238,8,Middle,646,396
622,468,241,1,Middle,647,31
623,468,289,1,Middle,328,648
624,468,293,34,Middle,649,650
625,468,294,18,Middle,651,652
626,468,295,2,Middle,653,654
627,468,317,56,Middle,655,656
628,468,321,24,Middle,657,309
629,468,323,16,Middle,658,6
630,468,324,2,Middle,659,660
631,468,325,1,Middle,641,661
632,468,342,12,Low,662,663
633,468,350,63,Low,664,665
634,468,352,51,Low,666,667
635,468,353,1,Low,625,668
636,468,359,31,Low,669,670
637,468,360,1,Low,328,671
638,468,361,48,Low,672,673
639,468,363,38,Low,674,675
640,468,384,1,Low,15,138
641,468,402,1,Low,15,676
642,468,404,14,Low,677,237
643,468,405,1,Low,678,179
644,468,406,3,Low,679,426
645,468,407,1,Low,647,680
646,468,415,43,Low,681,682
647,468,420,15,Low,683,684
648,468,421,2,Low,685,19
649,468,424,9,Low,686,293
650,468,433,3,Low,687,488
651,468,439,2,Low,688,489
652,468,442,2,Low,638,689
653,468,444,2,Low,690,691
654,468,445,1,Low,692,258
655,468,462,2,Low,693,694
657,468,469,5,Low,697,698
658,468,471,1,Low,15,297
659,469,14,1,High,699,700
660,469,43,2,Middle,701,4
661,469,60,1,Middle,702,303
662,469,108,2,Middle,702,378
663,469,141,1,Middle,703,151
664,469,186,2,Middle,704,705
665,469,238,1,Middle,706,551
666,469,342,1,Low,707,708
667,469,352,1,Low,706,122
668,469,356,2,Low,702,709
669,469,415,1,Low,707,326
670,469,468,3,Low,701,710
672,470,2,1,High,712,713
673,470,37,5,Middle,714,61
674,470,83,1,Middle,528,537
675,470,218,1,Middle,528,539
676,470,238,8,Middle,498,715
677,470,352,7,Low,714,10
678,470,359,3,Low,528,716
679,470,361,1,Low,528,458
680,470,363,6,Low,247,468
681,470,420,1,Low,528,281
682,470,421,1,Low,712,548
683,470,424,1,Low,528,293
684,470,468,3,Low,528,717
685,470,469,1,Low,712,162
687,471,218,1,Middle,297,539
688,471,325,1,Middle,720,721
689,471,352,1,Low,722,10
690,471,363,1,Low,723,200
691,471,365,1,Low,720,75
